{"hidden_size": 14, "dropout_rate": 0.36213824296207575, "learning_rate": 0.003108189606164019, "weight_decay": 0.002534922804761893, "BATCH_SIZE": 16}