{"embedding_dim": 25, "hidden_dim": 20, "dropout_rate": 0.251492195995325, "lr": 0.00988134053109847, "BATCH_SIZE": 16}